GeoAreaCode,GeoAreaName,Goal 1,Goal 2,Goal 3,Goal 4,Goal 5,Goal 6,Goal 7,Goal 8,Goal 9,Goal 10,Goal 11,Goal 12,Goal 13,Goal 14,Goal 15,Goal 16,Goal 17
4,Afghanistan,20.95238095238095 %,51.66666666666667 %,70.8974358974359 %,32.047619047619044 %,6.944444444444445 %,66.875 %,100 %,52.083333333333336 %,50 %,35.833333333333336 %,30.339506172839503 %,26.36363636363636 %,11.555555555555555 %,0 %,49.76190476190476 %,18.749999999999996 %,70.30864197530863 %
248,Åland Islands,0 %,4.166666666666666 %,0 %,0 %,0 %,7.142857142857142 %,0 %,0 %,0 %,0 %,0 %,0 %,0 %,0 %,16.38888888888889 %,0 %,2.083333333333333 %
8,Albania,39.761904761904766 %,49.58333333333334 %,65.06410256410255 %,68.51851851851852 %,30.555555555555557 %,68.69047619047618 %,80 %,46.875 %,66.07142857142857 %,52.31481481481482 %,25.864197530864196 %,30.909090909090907 %,6 %,35.38461538461538 %,45.714285714285715 %,15.303030303030305 %,62.74305555555555 %
12,Algeria,28.57142857142857 %,50.83333333333333 %,68.58974358974359 %,39.14285714285714 %,4.166666666666666 %,66.35416666666667 %,100 %,51.041666666666664 %,60.9375 %,44.404761904761905 %,37.5 %,35.909090909090914 %,16.666666666666668 %,16.153846153846153 %,59.04761904761905 %,21.38888888888889 %,65.49382716049382 %
16,American Samoa,7.142857142857142 %,0 %,5.384615384615384 %,0 %,0 %,29.895833333333332 %,40 %,0 %,5.729166666666666 %,10 %,5.555555555555555 %,9.090909090909092 %,0 %,11.538461538461538 %,34.58333333333333 %,2.083333333333333 %,10.925925925925926 %
20,Andorra,7.142857142857142 %,8.333333333333332 %,42.30769230769231 %,22.96296296296296 %,5.555555555555555 %,44.642857142857146 %,40 %,12.5 %,21.428571428571427 %,13.88888888888889 %,5.555555555555555 %,20.681818181818183 %,0 %,0 %,39.345238095238095 %,7.828282828282827 %,23.645833333333332 %
24,Angola,30.35714285714285 %,50.416666666666664 %,57.05128205128205 %,15.666666666666668 %,4.166666666666666 %,59.791666666666664 %,100 %,33.33333333333333 %,60.9375 %,54.58333333333333 %,34.876543209876544 %,24.545454545454547 %,16.666666666666668 %,35.38461538461538 %,50.71428571428571 %,18.47222222222222 %,70.77160493827161 %
660,Anguilla,15.47619047619048 %,5.416666666666667 %,13.076923076923078 %,0 %,0 %,11.666666666666666 %,50 %,12.5 %,16.145833333333332 %,22.5 %,5.555555555555555 %,22.727272727272727 %,0 %,21.538461538461537 %,25 %,6.944444444444444 %,29.537037037037035 %
28,Antigua and Barbuda,15.357142857142856 %,29.583333333333332 %,63.33333333333334 %,34.904761904761905 %,5.555555555555555 %,41.875 %,100 %,25 %,35.9375 %,35.833333333333336 %,7.901234567901234 %,37.5 %,1.9999999999999998 %,45.38461538461539 %,47.67857142857143 %,21.527777777777775 %,51.358024691358025 %
32,Argentina,52.73809523809524 %,56.25 %,79.23076923076923 %,43.952380952380956 %,29.166666666666668 %,53.85416666666667 %,100 %,71.875 %,76.5625 %,52.08333333333333 %,20.432098765432098 %,46.13636363636363 %,9.555555555555555 %,66.15384615384615 %,57.38095238095238 %,23.749999999999996 %,71.79012345679013 %
51,Armenia,57.02380952380952 %,48.541666666666664 %,70 %,58.80952380952381 %,41.66666666666667 %,70.52083333333333 %,100 %,75 %,71.875 %,53.333333333333336 %,36.11111111111111 %,38.40909090909091 %,16.666666666666668 %,12.5 %,53.92857142857142 %,21.25 %,76.51234567901236 %
533,Aruba,13.095238095238097 %,4.166666666666666 %,5.384615384615384 %,0 %,0 %,15.833333333333332 %,70 %,25 %,20.3125 %,15 %,5.555555555555555 %,31.818181818181817 %,0 %,11.538461538461538 %,21.25 %,0 %,40.27777777777778 %
36,Australia,33.57142857142858 %,46.45833333333334 %,77.56410256410255 %,32.116402116402114 %,20.833333333333336 %,55.833333333333336 %,60 %,77.08333333333334 %,69.64285714285714 %,59.06084656084656 %,25.61728395061728 %,35.68181818181818 %,20.999999999999996 %,46.15384615384615 %,59.04761904761905 %,21.616161616161616 %,54.61805555555554 %
40,Austria,37.38095238095238 %,48.95833333333333 %,71.79487179487178 %,49.47089947089947 %,22.22222222222222 %,68.69047619047618 %,60 %,79.16666666666666 %,82.14285714285714 %,62.03703703703704 %,14.351851851851851 %,47.5 %,11.000000000000002 %,20 %,53.095238095238095 %,17.828282828282827 %,50.138888888888886 %
31,Azerbaijan,27.380952380952383 %,51.5625 %,70.8974358974359 %,53.23809523809524 %,18.055555555555554 %,70.52083333333333 %,100 %,46.875 %,75 %,37.916666666666664 %,11.11111111111111 %,38.86363636363637 %,0 %,15.384615384615385 %,55.714285714285715 %,26.25 %,69.10493827160494 %
44,Bahamas,7.142857142857142 %,27.500000000000004 %,63.589743589743584 %,16.333333333333332 %,4.166666666666666 %,24.375 %,100 %,39.58333333333333 %,35.9375 %,30 %,5.555555555555555 %,34.54545454545455 %,0 %,16.153846153846153 %,30.71428571428571 %,15.50925925925926 %,46.60493827160494 %
48,Bahrain,9.523809523809524 %,24.166666666666668 %,70.64102564102565 %,44.666666666666664 %,16.666666666666664 %,51.770833333333336 %,80 %,33.33333333333333 %,48.4375 %,36.25 %,5.555555555555555 %,46.81818181818182 %,0 %,25.384615384615383 %,29.345238095238095 %,16.25 %,44.19753086419753 %
50,Bangladesh,34.76190476190476 %,53.75 %,76.66666666666667 %,36.333333333333336 %,18.055555555555554 %,71.77083333333333 %,100 %,42.70833333333333 %,64.0625 %,47.083333333333336 %,36.11111111111111 %,34.54545454545455 %,15.999999999999998 %,46.15384615384615 %,59.04761904761905 %,22.777777777777775 %,71.88271604938272 %
52,Barbados,13.80952380952381 %,54.99999999999999 %,63.589743589743584 %,27.714285714285715 %,20.833333333333336 %,39.791666666666664 %,100 %,39.58333333333333 %,39.0625 %,37.5 %,15.246913580246913 %,25.454545454545453 %,7.999999999999999 %,26.153846153846157 %,35.17857142857143 %,15.50925925925926 %,50.80246913580246 %
112,Belarus,49.404761904761905 %,42.291666666666664 %,71.79487179487178 %,57.67195767195767 %,29.166666666666668 %,52.976190476190474 %,80 %,61.458333333333336 %,78.57142857142857 %,52.31481481481482 %,38.333333333333336 %,30.22727272727273 %,21.66666666666667 %,0 %,44.76190476190476 %,16.464646464646464 %,62.22222222222222 %
56,Belgium,31.190476190476186 %,53.95833333333333 %,67.94871794871794 %,53.492063492063494 %,9.722222222222223 %,60.11904761904761 %,60 %,83.33333333333334 %,83.92857142857143 %,63.42592592592592 %,22.22222222222222 %,50.07575757575757 %,5 %,66.15384615384615 %,49.76190476190476 %,22.87878787878788 %,47.013888888888886 %
84,Belize,16.666666666666668 %,46.25 %,74.74358974358975 %,44.00000000000001 %,8.333333333333332 %,53.541666666666664 %,100 %,55.208333333333336 %,51.5625 %,40.833333333333336 %,16.666666666666664 %,35.45454545454545 %,0 %,46.15384615384615 %,59.76190476190476 %,20.37037037037037 %,71.41975308641976 %
204,Benin,41.666666666666664 %,50 %,71.79487179487178 %,34.85714285714286 %,5.555555555555555 %,63.95833333333334 %,100 %,45.83333333333333 %,45.3125 %,45.83333333333333 %,31.944444444444443 %,26.36363636363636 %,16.666666666666668 %,25.384615384615383 %,57.26190476190476 %,18.055555555555554 %,69.75308641975309 %
60,Bermuda,8.333333333333334 %,6.666666666666667 %,5.769230769230769 %,0 %,0 %,29.4047619047619 %,50 %,20.833333333333336 %,44.642857142857146 %,13.88888888888889 %,5.555555555555555 %,27.045454545454543 %,0 %,22.30769230769231 %,21.25 %,5.303030303030303 %,31.041666666666668 %
64,Bhutan,28.57142857142857 %,39.583333333333336 %,71.53846153846153 %,44.142857142857146 %,8.333333333333332 %,69.27083333333333 %,100 %,38.54166666666667 %,37.5 %,40.833333333333336 %,24.38271604938272 %,35.22727272727273 %,16.666666666666668 %,0 %,61.42857142857142 %,22.083333333333332 %,65.03086419753087 %
68,Bolivia (Plurinational State of),56.19047619047619 %,47.5 %,75.38461538461537 %,44.00000000000001 %,19.444444444444446 %,52.29166666666667 %,100 %,56.25 %,62.5 %,65.83333333333333 %,22.006172839506174 %,35.68181818181818 %,15.999999999999998 %,0 %,59.04761904761905 %,38.33333333333333 %,65.95679012345678 %
535,"Bonaire, Sint Eustatius and Saba",7.142857142857142 %,0 %,0 %,0 %,0 %,16.666666666666664 %,40 %,0 %,1.5625 %,2.5 %,0 %,18.181818181818183 %,0 %,12.307692307692308 %,22.916666666666664 %,0 %,2.7777777777777777 %
70,Bosnia and Herzegovina,20.238095238095237 %,31.875000000000004 %,73.71794871794872 %,47.14285714285714 %,19.444444444444446 %,80.5952380952381 %,80 %,59.375 %,76.78571428571429 %,39.81481481481482 %,33.33333333333333 %,31.818181818181817 %,6.666666666666667 %,0 %,58.0952380952381 %,17.07070707070707 %,60.034722222222214 %
72,Botswana,34.523809523809526 %,56.25 %,73.07692307692307 %,36.333333333333336 %,11.11111111111111 %,71.5625 %,100 %,66.66666666666666 %,65.625 %,44.58333333333333 %,35.49382716049383 %,38.18181818181819 %,16.666666666666668 %,0 %,59.04761904761905 %,20.69444444444444 %,73.17901234567901 %
74,Bouvet Island,0 %,0 %,0 %,0 %,0 %,2.857142857142857 %,0 %,0 %,0 %,0 %,0 %,0 %,0 %,10 %,14.305555555555557 %,0 %,0 %
76,Brazil,40.476190476190474 %,68.75000000000001 %,79.23076923076923 %,65.85714285714286 %,33.33333333333333 %,80.10416666666667 %,100 %,70.83333333333334 %,79.6875 %,63.33333333333333 %,17.037037037037038 %,44.54545454545455 %,11.666666666666666 %,36.15384615384615 %,53.095238095238095 %,30.648148148148145 %,70.679012345679 %
86,British Indian Ocean Territory,0 %,0 %,0 %,0 %,0 %,0 %,0 %,0 %,0 %,10 %,0 %,0 %,0 %,10 %,18.47222222222222 %,0 %,5.555555555555555 %
92,British Virgin Islands,8.333333333333334 %,9.583333333333332 %,9.23076923076923 %,26.333333333333332 %,11.11111111111111 %,17.916666666666668 %,50 %,12.5 %,20.3125 %,10 %,5.555555555555555 %,22.727272727272727 %,0 %,12.307692307692308 %,27.083333333333332 %,0 %,22.68518518518519 %
96,Brunei Darussalam,10.595238095238093 %,14.583333333333334 %,72.94871794871796 %,43.38095238095237 %,20.833333333333336 %,24.166666666666664 %,80 %,56.25 %,54.6875 %,37.5 %,6.666666666666667 %,33.86363636363636 %,1.9999999999999998 %,26.153846153846157 %,40.71428571428571 %,12.962962962962962 %,42.74691358024691 %
100,Bulgaria,43.6904761904762 %,58.333333333333336 %,77.56410256410255 %,49.47089947089947 %,22.22222222222222 %,68.69047619047618 %,50 %,58.333333333333336 %,83.92857142857143 %,49.33862433862434 %,25 %,40.98484848484848 %,21.66666666666667 %,56.15384615384615 %,50.71428571428571 %,21.96969696969697 %,51.49305555555556 %
854,Burkina Faso,33.57142857142858 %,55.00000000000001 %,76.28205128205127 %,42.00000000000001 %,4.166666666666666 %,58.54166666666667 %,100 %,45.83333333333333 %,40.625 %,34.583333333333336 %,29.567901234567906 %,35.45454545454545 %,15.999999999999998 %,0 %,61.42857142857142 %,21.527777777777775 %,71.79012345679011 %
108,Burundi,29.404761904761905 %,44.58333333333333 %,72.43589743589743 %,42.00000000000001 %,6.944444444444445 %,58.54166666666667 %,100 %,41.66666666666667 %,46.875 %,40.833333333333336 %,31.419753086419753 %,27.045454545454543 %,15.999999999999998 %,12.5 %,59.76190476190476 %,22.22222222222222 %,74.84567901234568 %
132,Cabo Verde,37.738095238095234 %,44.16666666666666 %,75.64102564102562 %,44.904761904761905 %,29.166666666666668 %,40.625 %,100 %,46.875 %,57.8125 %,35.833333333333336 %,23.08641975308642 %,35.45454545454545 %,15.999999999999998 %,45.38461538461539 %,46.96428571428571 %,21.52777777777778 %,71.60493827160495 %
116,Cambodia,23.80952380952381 %,56.666666666666664 %,70.89743589743588 %,54.04761904761906 %,19.444444444444446 %,70.20833333333333 %,100 %,55.208333333333336 %,64.0625 %,43.33333333333333 %,28.39506172839506 %,44.54545454545455 %,6.666666666666667 %,26.153846153846157 %,57.38095238095238 %,22.916666666666664 %,73.91975308641975 %
120,Cameroon,33.57142857142857 %,50.416666666666664 %,72.43589743589743 %,37.71428571428571 %,26.38888888888889 %,59.791666666666664 %,100 %,45.83333333333333 %,60.9375 %,53.333333333333336 %,28.487654320987655 %,35.45454545454545 %,9.333333333333332 %,15.384615384615383 %,59.04761904761905 %,25.555555555555554 %,73.73456790123457 %
124,Canada,23.80952380952381 %,57.291666666666664 %,75.64102564102562 %,38.359788359788354 %,6.944444444444445 %,52.73809523809524 %,60 %,68.75 %,83.92857142857143 %,61.838624338624335 %,16.666666666666664 %,38.484848484848484 %,5 %,66.15384615384615 %,54.88095238095237 %,10.15151515151515 %,55.347222222222214 %
136,Cayman Islands,7.142857142857142 %,4.166666666666666 %,5.384615384615384 %,26.333333333333332 %,0 %,11.666666666666666 %,70 %,12.5 %,20.3125 %,15 %,5.555555555555555 %,31.818181818181817 %,0 %,22.30769230769231 %,26.666666666666668 %,4.861111111111111 %,33.61111111111111 %
140,Central African Republic,17.85714285714286 %,48.333333333333336 %,60.256410256410255 %,17.095238095238095 %,4.166666666666666 %,68.95833333333333 %,100 %,41.66666666666667 %,43.75 %,40.833333333333336 %,5.555555555555555 %,34.54545454545455 %,0 %,0 %,61.42857142857142 %,11.111111111111112 %,65.61728395061728 %
148,Chad,17.85714285714286 %,42.083333333333336 %,75 %,39.04761904761905 %,4.166666666666666 %,76.77083333333333 %,100 %,33.33333333333333 %,31.25 %,43.33333333333333 %,16.666666666666664 %,26.36363636363636 %,0 %,0 %,57.38095238095238 %,15.277777777777777 %,57.71604938271605 %
152,Chile,59.04761904761905 %,56.25 %,73.84615384615384 %,44.523809523809526 %,33.33333333333333 %,75.72916666666666 %,100 %,83.33333333333334 %,85.9375 %,74.40476190476191 %,37.5 %,44.54545454545455 %,15.999999999999998 %,66.15384615384615 %,61.42857142857142 %,41.01851851851852 %,60.95679012345679 %
156,China,43.69047619047618 %,43.125 %,72.56410256410255 %,29.904761904761905 %,5.555555555555555 %,71.77083333333333 %,100 %,45.48611111111111 %,76.5625 %,47.083333333333336 %,8.88888888888889 %,49.3939393939394 %,6 %,36.15384615384615 %,59.04761904761905 %,21.11111111111111 %,75.9567901234568 %
344,"China, Hong Kong Special Administrative Region",9.523809523809524 %,9.375 %,5.384615384615384 %,44.666666666666664 %,11.11111111111111 %,28.645833333333332 %,70 %,43.75 %,67.1875 %,40 %,0 %,34.77272727272727 %,0 %,13.846153846153847 %,28.888888888888893 %,15.046296296296296 %,48.33333333333333 %
446,"China, Macao Special Administrative Region",10.714285714285714 %,6.25 %,5.384615384615384 %,43.33333333333334 %,11.11111111111111 %,28.645833333333332 %,70 %,47.91666666666667 %,59.375 %,37.5 %,0 %,35.45454545454545 %,0 %,10 %,18.47222222222222 %,13.194444444444445 %,49.16666666666668 %
162,Christmas Island,0 %,0 %,0 %,0 %,0 %,7.142857142857142 %,0 %,0 %,0 %,11.11111111111111 %,5.555555555555555 %,0 %,0 %,11.538461538461538 %,22.63888888888889 %,0 %,0 %
166,Cocos (Keeling) Islands,0 %,0 %,0 %,0 %,0 %,5.714285714285714 %,0 %,0 %,0 %,11.11111111111111 %,5.555555555555555 %,0 %,0 %,11.538461538461538 %,18.47222222222222 %,0 %,0 %
170,Colombia,57.61904761904761 %,60.00000000000001 %,75.38461538461537 %,67.28571428571428 %,41.66666666666667 %,73.85416666666667 %,100 %,71.875 %,82.8125 %,57.08333333333333 %,52.160493827160494 %,50.757575757575765 %,16.666666666666668 %,56.15384615384615 %,61.42857142857142 %,28.379629629629626 %,77.0679012345679 %
174,Comoros,22.142857142857146 %,42.50000000000001 %,63.46153846153846 %,31.333333333333336 %,5.555555555555555 %,52.29166666666667 %,100 %,41.66666666666667 %,32.8125 %,45.83333333333333 %,23.2716049382716 %,25.454545454545453 %,7.999999999999999 %,25.384615384615383 %,51.42857142857142 %,10.416666666666668 %,65.61728395061728 %
178,Congo,16.666666666666668 %,48.75000000000001 %,68.58974358974359 %,18.523809523809526 %,15.277777777777779 %,66.04166666666667 %,100 %,45.83333333333333 %,60.9375 %,43.33333333333333 %,16.666666666666664 %,26.36363636363636 %,0 %,25.384615384615383 %,50.71428571428571 %,16.666666666666664 %,71.14197530864197 %
184,Cook Islands,9.523809523809524 %,30 %,46.02564102564103 %,47 %,13.88888888888889 %,24.166666666666668 %,80 %,34.375 %,39.0625 %,25.833333333333336 %,5.555555555555555 %,17.272727272727273 %,0 %,21.538461538461537 %,46.01190476190476 %,15.277777777777777 %,39.72222222222222 %
188,Costa Rica,60.83333333333334 %,54.16666666666667 %,75.38461538461537 %,62.33333333333333 %,22.22222222222222 %,71.77083333333333 %,100 %,82.29166666666666 %,79.6875 %,68.33333333333333 %,37.870370370370374 %,38.71212121212121 %,16.666666666666668 %,46.15384615384615 %,61.42857142857142 %,26.52777777777778 %,74.66049382716051 %
384,Côte d'Ivoire,30.95238095238095 %,55.00000000000001 %,80.12820512820512 %,61.238095238095234 %,29.166666666666668 %,72.29166666666667 %,100 %,69.79166666666666 %,67.1875 %,54.58333333333333 %,16.666666666666664 %,35.45454545454545 %,0 %,45.38461538461539 %,59.04761904761905 %,21.018518518518523 %,75.8641975308642 %
191,Croatia,27.61904761904762 %,48.95833333333333 %,75.64102564102562 %,49.47089947089947 %,22.22222222222222 %,56.785714285714285 %,60 %,66.66666666666666 %,83.92857142857143 %,44.57671957671959 %,11.11111111111111 %,40.98484848484848 %,5 %,46.15384615384615 %,44.76190476190476 %,20.858585858585858 %,44.61805555555555 %
192,Cuba,14.523809523809526 %,33.958333333333336 %,72.56410256410255 %,47.714285714285715 %,16.666666666666664 %,59.27083333333333 %,100 %,30.208333333333332 %,67.1875 %,35.833333333333336 %,22.006172839506174 %,22.272727272727273 %,2.6666666666666665 %,32.30769230769231 %,50.71428571428571 %,13.61111111111111 %,47.12962962962963 %
531,Curaçao,9.523809523809524 %,0 %,5.384615384615384 %,0 %,2.7777777777777777 %,11.666666666666666 %,70 %,22.916666666666664 %,32.8125 %,2.5 %,0 %,15.909090909090908 %,0 %,11.538461538461538 %,22.916666666666664 %,0 %,27.77777777777778 %
196,Cyprus,34.88095238095238 %,40.208333333333336 %,78.33333333333333 %,47.883597883597886 %,33.33333333333333 %,60.11904761904761 %,60 %,66.66666666666666 %,83.92857142857143 %,48.148148148148145 %,9.382716049382715 %,50.07575757575757 %,9.666666666666664 %,46.15384615384615 %,44.76190476190476 %,20.858585858585858 %,38.68055555555556 %
203,Czechia,40.714285714285715 %,52.083333333333336 %,75.64102564102562 %,48.73015873015872 %,33.33333333333333 %,68.69047619047618 %,60 %,83.33333333333334 %,82.14285714285714 %,60.64814814814814 %,31.574074074074076 %,50.53030303030304 %,21.66666666666667 %,20.769230769230766 %,57.26190476190476 %,22.37373737373737 %,48.05555555555556 %
408,Democratic People's Republic of Korea,7.142857142857142 %,28.333333333333332 %,61.02564102564102 %,10 %,4.166666666666666 %,58.54166666666667 %,100 %,25 %,42.70833333333333 %,30.833333333333336 %,5.555555555555555 %,17.272727272727273 %,0 %,15.384615384615383 %,47.38095238095239 %,10.185185185185187 %,25.833333333333336 %
180,Democratic Republic of the Congo,20.238095238095237 %,52.916666666666664 %,71.79487179487178 %,29.19047619047619 %,4.166666666666666 %,73.85416666666667 %,100 %,41.66666666666667 %,48.4375 %,30.833333333333336 %,16.666666666666664 %,26.36363636363636 %,0 %,5.384615384615384 %,50.71428571428571 %,20.138888888888886 %,70.49382716049382 %
208,Denmark,36.547619047619044 %,48.95833333333333 %,77.56410256410255 %,55.820105820105816 %,22.22222222222222 %,54.4047619047619 %,60 %,79.16666666666666 %,83.92857142857143 %,52.31481481481482 %,23.148148148148145 %,47.5 %,15 %,46.15384615384615 %,44.76190476190476 %,12.02020202020202 %,47.63888888888889 %
262,Djibouti,9.523809523809524 %,42.50000000000001 %,51.66666666666666 %,32.047619047619044 %,4.166666666666666 %,43.64583333333333 %,100 %,33.33333333333333 %,32.8125 %,41.904761904761905 %,5.555555555555555 %,26.36363636363636 %,0 %,25.384615384615383 %,50.71428571428571 %,13.88888888888889 %,56.23456790123457 %
212,Dominica,9.523809523809524 %,33.75 %,34.48717948717949 %,36.333333333333336 %,4.166666666666666 %,41.875 %,100 %,25 %,32.8125 %,30.119047619047624 %,5.555555555555555 %,35.45454545454545 %,5 %,35.38461538461538 %,46.96428571428571 %,18.981481481481477 %,65.80246913580248 %
214,Dominican Republic,47.38095238095238 %,55.00000000000001 %,75.38461538461537 %,55.19047619047619 %,44.44444444444444 %,76.45833333333334 %,100 %,68.75 %,54.6875 %,63.33333333333333 %,16.666666666666664 %,35.45454545454545 %,0 %,36.15384615384615 %,55.714285714285715 %,25.972222222222225 %,74.29012345679014 %
218,Ecuador,57.261904761904766 %,53.75000000000001 %,75.38461538461537 %,71 %,30.555555555555557 %,76.45833333333334 %,100 %,67.70833333333334 %,70.3125 %,54.40476190476191 %,36.666666666666664 %,37.272727272727266 %,15.999999999999998 %,56.15384615384615 %,61.42857142857142 %,25.37037037037037 %,71.51234567901236 %
818,Egypt,45.833333333333336 %,47.5 %,72.56410256410255 %,65.85714285714286 %,29.166666666666668 %,53.02083333333333 %,100 %,61.458333333333336 %,82.8125 %,45.83333333333333 %,34.25925925925926 %,43.63636363636363 %,16.666666666666668 %,16.153846153846153 %,47.38095238095239 %,26.990740740740737 %,67.53086419753086 %
222,El Salvador,42.61904761904761 %,54.16666666666667 %,78.58974358974359 %,45.476190476190474 %,30.555555555555557 %,79.58333333333334 %,100 %,67.70833333333334 %,76.5625 %,62.083333333333336 %,16.666666666666664 %,32.651515151515156 %,0 %,55.38461538461539 %,50.71428571428571 %,34.62962962962963 %,74.84567901234568 %
226,Equatorial Guinea,16.071428571428573 %,28.333333333333332 %,55.769230769230774 %,10 %,4.166666666666666 %,46.041666666666664 %,100 %,41.66666666666667 %,48.4375 %,40.833333333333336 %,16.049382716049383 %,25.454545454545453 %,6.666666666666667 %,35.38461538461538 %,55.29761904761904 %,11.574074074074076 %,49.41358024691358 %
232,Eritrea,7.142857142857142 %,24.583333333333336 %,64.74358974358974 %,30.619047619047617 %,2.7777777777777777 %,42.916666666666664 %,80 %,29.166666666666668 %,56.77083333333333 %,35.833333333333336 %,5.555555555555555 %,26.36363636363636 %,0 %,35.38461538461538 %,59.76190476190476 %,9.953703703703704 %,31.7283950617284 %
233,Estonia,43.69047619047618 %,52.708333333333336 %,70.83333333333333 %,48.73015873015872 %,22.22222222222222 %,66.9047619047619 %,60 %,75 %,82.14285714285714 %,64.61640211640211 %,25 %,38.40909090909091 %,21.66666666666667 %,55.38461538461539 %,44.76190476190476 %,33.535353535353536 %,46.388888888888886 %
748,Eswatini,28.57142857142857 %,54.16666666666667 %,68.58974358974359 %,42.714285714285715 %,4.166666666666666 %,66.35416666666667 %,100 %,50 %,59.375 %,43.33333333333333 %,34.5679012345679 %,35.45454545454545 %,16.666666666666668 %,12.5 %,61.42857142857142 %,22.916666666666664 %,70.9567901234568 %
231,Ethiopia,33.57142857142858 %,70.83333333333334 %,84.6153846153846 %,27.714285714285715 %,43.05555555555556 %,68.95833333333333 %,100 %,37.5 %,59.375 %,47.083333333333336 %,31.7283950617284 %,35.45454545454545 %,15.999999999999998 %,0 %,58.0952380952381 %,15.972222222222223 %,73.64197530864197 %
238,Falkland Islands (Malvinas),7.142857142857142 %,6.666666666666667 %,0 %,0 %,0 %,10.416666666666666 %,40 %,0 %,0 %,12.5 %,5.555555555555555 %,9.090909090909092 %,0 %,11.538461538461538 %,27.083333333333332 %,0 %,19.444444444444446 %
234,Faroe Islands,3.571428571428571 %,8.75 %,3.8461538461538463 %,0 %,0 %,5.714285714285714 %,30 %,0 %,16.071428571428573 %,11.11111111111111 %,5.555555555555555 %,9.090909090909092 %,0 %,41.53846153846153 %,27.083333333333332 %,0 %,22.083333333333332 %
242,Fiji,30.95238095238095 %,46.25 %,70 %,33.42857142857142 %,26.38888888888889 %,68.4375 %,100 %,41.66666666666667 %,48.4375 %,43.33333333333333 %,31.790123456790127 %,35.68181818181818 %,16.666666666666668 %,36.15384615384615 %,47.38095238095239 %,18.611111111111107 %,72.1604938271605 %
246,Finland,43.69047619047618 %,48.95833333333333 %,75.64102564102562 %,57.407407407407405 %,33.33333333333333 %,66.3095238095238 %,60 %,75 %,83.92857142857143 %,61.838624338624335 %,36.11111111111111 %,50.53030303030304 %,21.66666666666667 %,56.15384615384615 %,61.42857142857142 %,27.424242424242422 %,53.68055555555556 %
250,France,41.42857142857142 %,48.95833333333333 %,73.71794871794872 %,55.820105820105816 %,33.33333333333333 %,63.92857142857142 %,60 %,83.33333333333334 %,83.92857142857143 %,71.56084656084656 %,35.617283950617285 %,50.53030303030304 %,19.666666666666668 %,66.15384615384615 %,48.92857142857142 %,35 %,48.05555555555556 %
254,French Guiana,7.142857142857142 %,5.416666666666667 %,5.384615384615384 %,0 %,0 %,29.895833333333332 %,20 %,0 %,4.166666666666666 %,12.5 %,5.555555555555555 %,22.954545454545453 %,0 %,15.384615384615383 %,34.58333333333333 %,2.083333333333333 %,9.444444444444445 %
258,French Polynesia,7.142857142857142 %,10.416666666666666 %,5.384615384615384 %,0 %,0 %,24.166666666666664 %,90 %,29.166666666666668 %,20.3125 %,17.5 %,5.555555555555555 %,19.696969696969695 %,0 %,11.538461538461538 %,32.916666666666664 %,4.166666666666666 %,33.61111111111111 %
260,French Southern Territories,0 %,0 %,0 %,0 %,0 %,6.25 %,0 %,0 %,0 %,10 %,0 %,0 %,0 %,10.769230769230768 %,26.805555555555554 %,0 %,5.555555555555555 %
266,Gabon,16.666666666666668 %,46.666666666666664 %,59.61538461538461 %,15.666666666666668 %,4.166666666666666 %,55.625 %,100 %,41.66666666666667 %,57.8125 %,40.833333333333336 %,16.666666666666664 %,26.36363636363636 %,0 %,15.384615384615383 %,57.26190476190476 %,18.749999999999996 %,55.8641975308642 %
270,Gambia,38.69047619047619 %,46.666666666666664 %,76.28205128205127 %,39.04761904761905 %,4.166666666666666 %,78.02083333333334 %,100 %,41.66666666666667 %,48.4375 %,53.333333333333336 %,29.938271604938272 %,35.45454545454545 %,16.666666666666668 %,25.384615384615383 %,53.095238095238095 %,15.833333333333336 %,73.91975308641975 %
268,Georgia,51.78571428571429 %,60.41666666666667 %,79.23076923076923 %,54.57142857142857 %,33.33333333333333 %,75.52083333333334 %,100 %,64.58333333333334 %,85.9375 %,54.58333333333333 %,50.55555555555556 %,45.45454545454545 %,16.666666666666668 %,36.15384615384615 %,54.88095238095237 %,20.69444444444444 %,72.62345679012347 %
276,Germany,37.73809523809524 %,55.208333333333336 %,79.48717948717949 %,55.820105820105816 %,22.22222222222222 %,61.54761904761904 %,60 %,79.16666666666666 %,83.92857142857143 %,74.53703703703704 %,10.185185185185185 %,50.53030303030304 %,10.555555555555554 %,66.15384615384615 %,46.547619047619044 %,35.505050505050505 %,47.013888888888886 %
288,Ghana,35.59523809523809 %,54.16666666666667 %,82.05128205128204 %,49.80952380952381 %,8.333333333333332 %,78.02083333333334 %,100 %,56.25 %,64.0625 %,49.404761904761905 %,38.58024691358025 %,40.22727272727273 %,16.666666666666668 %,46.15384615384615 %,61.42857142857142 %,21.805555555555557 %,71.69753086419752 %
292,Gibraltar,7.142857142857142 %,0 %,3.8461538461538463 %,29.259259259259256 %,0 %,26.190476190476193 %,30 %,0 %,20.833333333333332 %,13.88888888888889 %,5.555555555555555 %,0 %,0 %,15.384615384615383 %,27.083333333333332 %,0 %,8.333333333333332 %
300,Greece,26.42857142857143 %,55.208333333333336 %,74.67948717948717 %,48.73015873015872 %,20.833333333333336 %,67.5 %,60 %,83.33333333333334 %,83.92857142857143 %,55.092592592592595 %,5.555555555555555 %,47.04545454545455 %,5 %,56.15384615384615 %,55.714285714285715 %,24.393939393939387 %,43.888888888888886 %
304,Greenland,7.142857142857142 %,9.583333333333332 %,5.769230769230769 %,0 %,0 %,18.45238095238095 %,30 %,12.5 %,23.214285714285715 %,13.88888888888889 %,5.555555555555555 %,4.545454545454546 %,0 %,21.538461538461537 %,32.916666666666664 %,9.848484848484848 %,20.208333333333332 %
308,Grenada,9.523809523809524 %,33.75 %,56.282051282051285 %,34.904761904761905 %,15.277777777777779 %,54.37499999999999 %,100 %,33.33333333333333 %,32.8125 %,37.083333333333336 %,5.555555555555555 %,23.636363636363637 %,0 %,26.153846153846157 %,49.345238095238095 %,20.138888888888886 %,67.28395061728395 %
312,Guadeloupe,7.142857142857142 %,5.416666666666667 %,3.8461538461538463 %,0 %,0 %,24.166666666666664 %,20 %,0 %,0 %,2.5 %,5.555555555555555 %,13.18181818181818 %,0 %,15.384615384615383 %,34.58333333333333 %,2.083333333333333 %,9.444444444444445 %
316,Guam,7.142857142857142 %,13.333333333333334 %,5.384615384615384 %,0 %,0 %,24.166666666666664 %,50 %,18.75 %,9.895833333333332 %,17.5 %,5.555555555555555 %,18.181818181818183 %,0 %,12.307692307692308 %,27.083333333333332 %,0 %,22.037037037037038 %
320,Guatemala,39.88095238095238 %,55.833333333333336 %,75.38461538461537 %,39 %,41.66666666666667 %,66.04166666666667 %,100 %,51.041666666666664 %,76.5625 %,45.83333333333333 %,36.11111111111111 %,37.272727272727266 %,16.666666666666668 %,46.15384615384615 %,53.095238095238095 %,26.52777777777778 %,73.91975308641976 %
831,Guernsey,0 %,0 %,0 %,0 %,0 %,7.142857142857142 %,20 %,0 %,9.523809523809524 %,0 %,5.555555555555555 %,9.090909090909092 %,0 %,12.307692307692308 %,22.916666666666664 %,3.03030303030303 %,2.083333333333333 %
324,Guinea,16.666666666666668 %,56.25 %,67.3076923076923 %,37.61904761904762 %,15.277777777777779 %,55.625 %,100 %,54.166666666666664 %,32.8125 %,44.58333333333333 %,16.666666666666664 %,35.45454545454545 %,0 %,25.384615384615383 %,59.04761904761905 %,22.083333333333332 %,68.17901234567901 %
624,Guinea-Bissau,27.61904761904762 %,48.75000000000001 %,71.79487179487178 %,15.666666666666668 %,4.166666666666666 %,59.06249999999999 %,100 %,41.66666666666667 %,32.8125 %,30.833333333333336 %,25.864197530864196 %,26.36363636363636 %,6 %,25.384615384615383 %,51.01190476190476 %,19.212962962962962 %,58.45679012345679 %
328,Guyana,16.666666666666668 %,37.083333333333336 %,75.38461538461537 %,27.666666666666668 %,6.944444444444445 %,56.458333333333336 %,100 %,55.208333333333336 %,51.5625 %,33.333333333333336 %,16.666666666666664 %,35.45454545454545 %,0 %,36.15384615384615 %,54.88095238095237 %,23.05555555555555 %,62.0679012345679 %
332,Haiti,17.85714285714286 %,50.416666666666664 %,63.20512820512819 %,15.666666666666668 %,2.7777777777777777 %,53.541666666666664 %,100 %,33.33333333333333 %,60.9375 %,35.833333333333336 %,16.666666666666664 %,32.72727272727273 %,0 %,25.384615384615383 %,57.38095238095238 %,19.212962962962962 %,58.54938271604938 %
334,Heard Island and McDonald Islands,0 %,0 %,0 %,0 %,0 %,5.714285714285714 %,0 %,0 %,0 %,11.11111111111111 %,0 %,0 %,0 %,11.538461538461538 %,26.805555555555554 %,0 %,0 %
336,Holy See,0 %,0 %,3.8461538461538463 %,18.148148148148145 %,0 %,5.714285714285714 %,0 %,0 %,0 %,2.7777777777777777 %,5.555555555555555 %,0.9090909090909092 %,0 %,0 %,24.166666666666668 %,3.787878787878787 %,8.333333333333332 %
340,Honduras,43.33333333333333 %,51.66666666666667 %,67.6923076923077 %,43.19047619047619 %,22.22222222222222 %,76.45833333333334 %,100 %,64.58333333333334 %,79.6875 %,57.08333333333333 %,20.37037037037037 %,35.45454545454545 %,6.666666666666667 %,55.38461538461539 %,50.71428571428571 %,27.22222222222222 %,73.91975308641976 %
348,Hungary,37.02380952380952 %,48.95833333333333 %,75.64102564102562 %,55.820105820105816 %,22.22222222222222 %,75.83333333333331 %,60 %,83.33333333333334 %,82.14285714285714 %,56.481481481481474 %,17.222222222222218 %,47.5 %,15.88888888888889 %,20 %,61.42857142857142 %,19.848484848484844 %,45.34722222222222 %
352,Iceland,28.809523809523807 %,41.458333333333336 %,73.71794871794872 %,47.248677248677254 %,22.22222222222222 %,56.785714285714285 %,60 %,79.16666666666666 %,83.92857142857143 %,50.92592592592592 %,5.555555555555555 %,46.590909090909086 %,5 %,65.38461538461539 %,50.71428571428571 %,13.83838383838384 %,57.013888888888886 %
356,India,38.8095238095238 %,52.083333333333336 %,74.74358974358975 %,54 %,23.61111111111111 %,60.3125 %,100 %,67.70833333333334 %,82.8125 %,50.83333333333333 %,27.59259259259259 %,46.590909090909086 %,14.666666666666666 %,56.15384615384615 %,61.42857142857142 %,28.148148148148145 %,71.51234567901236 %
360,Indonesia,48.214285714285715 %,68.75000000000001 %,86.92307692307692 %,57.47619047619048 %,18.055555555555554 %,66.04166666666667 %,100 %,68.75 %,76.5625 %,45.83333333333333 %,38.58024691358025 %,44.772727272727266 %,16.666666666666668 %,46.15384615384615 %,59.04761904761905 %,26.52777777777778 %,71.41975308641976 %
364,Iran (Islamic Republic of),29.761904761904763 %,46.25 %,77.94871794871796 %,63.0952380952381 %,30.555555555555557 %,67.60416666666667 %,100 %,42.70833333333333 %,82.8125 %,43.33333333333333 %,11.11111111111111 %,32.42424242424242 %,0 %,35.38461538461538 %,50.71428571428571 %,11.111111111111112 %,63.27160493827161 %
368,Iraq,20.595238095238095 %,42.5 %,73.2051282051282 %,15.666666666666668 %,15.277777777777779 %,70.52083333333333 %,100 %,46.875 %,73.4375 %,43.33333333333333 %,20.74074074074074 %,35.68181818181818 %,3.9999999999999996 %,21.538461538461537 %,61.42857142857142 %,16.25 %,62.80864197530865 %
372,Ireland,44.523809523809526 %,48.95833333333333 %,76.6025641025641 %,47.98941798941799 %,33.33333333333333 %,68.69047619047618 %,60 %,70.83333333333334 %,83.92857142857143 %,50.92592592592592 %,39.44444444444444 %,50.53030303030304 %,20.999999999999996 %,46.15384615384615 %,50.71428571428571 %,18.08080808080808 %,48.05555555555556 %
833,Isle of Man,8.333333333333334 %,0 %,3.8461538461538463 %,0 %,0 %,30.95238095238095 %,30 %,0 %,0 %,0 %,5.555555555555555 %,9.090909090909092 %,0 %,10 %,31.25 %,5.303030303030303 %,2.7083333333333335 %
376,Israel,17.857142857142858 %,54.79166666666667 %,71.02564102564102 %,44.70899470899471 %,33.33333333333333 %,54.4047619047619 %,60 %,62.5 %,76.78571428571429 %,70.37037037037037 %,25.555555555555554 %,34.77272727272727 %,5 %,16.153846153846153 %,42.38095238095238 %,24.646464646464647 %,44.201388888888886 %
380,Italy,29.761904761904763 %,53.125 %,73.71794871794872 %,55.820105820105816 %,22.22222222222222 %,61.54761904761904 %,60 %,79.16666666666666 %,83.92857142857143 %,63.42592592592592 %,7.777777777777778 %,49.166666666666664 %,9 %,66.15384615384615 %,59.76190476190476 %,20.757575757575754 %,43.888888888888886 %
388,Jamaica,20.833333333333332 %,48.333333333333336 %,73.2051282051282 %,57.666666666666664 %,27.77777777777778 %,51.24999999999999 %,100 %,59.375 %,64.0625 %,33.333333333333336 %,8.333333333333332 %,36.13636363636364 %,3.3333333333333335 %,46.15384615384615 %,61.42857142857142 %,23.611111111111107 %,72.1604938271605 %
392,Japan,25.238095238095244 %,56.25 %,78.71794871794873 %,21.322751322751323 %,44.44444444444444 %,62.976190476190474 %,60 %,68.75 %,83.92857142857143 %,32.870370370370374 %,32.407407407407405 %,38.71212121212121 %,20.999999999999996 %,56.15384615384615 %,53.095238095238095 %,21.01010101010101 %,52.63888888888888 %
832,Jersey,0 %,0 %,0 %,0 %,0 %,7.142857142857142 %,20 %,0 %,9.523809523809524 %,0 %,5.555555555555555 %,9.090909090909092 %,0 %,11.538461538461538 %,21.25 %,3.03030303030303 %,2.083333333333333 %
400,Jordan,35.714285714285715 %,35 %,67.17948717948718 %,57.38095238095238 %,33.33333333333333 %,75.72916666666666 %,100 %,68.75 %,73.4375 %,42.08333333333334 %,34.5679012345679 %,47.27272727272727 %,16.666666666666668 %,0.7692307692307693 %,58.0952380952381 %,23.19444444444444 %,72.80864197530865 %
398,Kazakhstan,57.73809523809524 %,48.229166666666664 %,78.58974358974359 %,55.285714285714285 %,29.166666666666668 %,70.52083333333333 %,100 %,63.541666666666664 %,81.25 %,57.91666666666667 %,36.11111111111111 %,49.31818181818181 %,21.66666666666667 %,1.9230769230769231 %,59.04761904761905 %,24.907407407407405 %,71.51234567901236 %
404,Kenya,31.190476190476186 %,58.333333333333336 %,80.76923076923077 %,32.666666666666664 %,37.5 %,70.20833333333334 %,100 %,42.70833333333333 %,60.9375 %,51.90476190476191 %,31.419753086419753 %,36.36363636363637 %,6 %,36.92307692307693 %,50.71428571428571 %,23.19444444444444 %,74.4753086419753 %
296,Kiribati,20.833333333333332 %,46.25 %,63.97435897435897 %,37 %,6.944444444444445 %,46.5625 %,100 %,39.58333333333333 %,39.0625 %,25.833333333333336 %,18.82716049382716 %,34.54545454545455 %,16.666666666666668 %,15.384615384615383 %,37.67857142857143 %,11.111111111111112 %,63.827160493827165 %
414,Kuwait,20.833333333333332 %,36.66666666666667 %,67.17948717948718 %,45.33333333333333 %,18.055555555555554 %,40.104166666666664 %,80 %,31.25 %,73.4375 %,46.904761904761905 %,18.82716049382716 %,47.04545454545455 %,16.666666666666668 %,36.15384615384615 %,35.29761904761905 %,20.69444444444444 %,49.84567901234567 %
417,Kyrgyzstan,50.595238095238095 %,54.16666666666667 %,77.30769230769229 %,48.38095238095238 %,18.055555555555554 %,65.3125 %,100 %,55.208333333333336 %,68.75 %,53.333333333333336 %,36.11111111111111 %,37.5 %,16.666666666666668 %,0 %,59.04761904761905 %,25.416666666666664 %,71.88271604938272 %
418,Lao People's Democratic Republic,19.047619047619047 %,52.5 %,74.74358974358974 %,38.42857142857142 %,5.555555555555555 %,70.52083333333333 %,100 %,56.25 %,68.75 %,33.333333333333336 %,16.666666666666664 %,32.42424242424242 %,0 %,0 %,49.047619047619044 %,19.444444444444446 %,69.38271604938272 %
428,Latvia,32.38095238095238 %,52.708333333333336 %,81.4102564102564 %,61.32275132275132 %,22.22222222222222 %,68.69047619047618 %,60 %,75 %,83.92857142857143 %,55.092592592592595 %,5.555555555555555 %,41.439393939393945 %,5 %,45.38461538461539 %,42.38095238095238 %,20.858585858585858 %,38.05555555555556 %
422,Lebanon,30.357142857142854 %,47.91666666666667 %,69.35897435897435 %,24.047619047619044 %,15.277777777777779 %,63.541666666666664 %,90 %,45.83333333333333 %,60.9375 %,45.83333333333333 %,24.074074074074073 %,35.45454545454545 %,16.666666666666668 %,35.38461538461538 %,58.0952380952381 %,21.805555555555557 %,69.4753086419753 %
426,Lesotho,19.047619047619047 %,53.75000000000001 %,67.05128205128203 %,32 %,15.277777777777779 %,78.64583333333334 %,100 %,33.33333333333333 %,31.25 %,43.33333333333333 %,16.666666666666664 %,35.45454545454545 %,0 %,0 %,59.345238095238095 %,15.277777777777777 %,70.77160493827161 %
430,Liberia,26.190476190476193 %,42.91666666666667 %,69.61538461538463 %,46.95238095238095 %,15.277777777777779 %,52.29166666666667 %,100 %,51.041666666666664 %,32.8125 %,35.833333333333336 %,32.71604938271605 %,26.36363636363636 %,13.333333333333334 %,15.384615384615383 %,58.0952380952381 %,23.84259259259259 %,59.6604938271605 %
434,Libya,9.523809523809524 %,41.66666666666667 %,55.89743589743589 %,10 %,4.166666666666666 %,47.604166666666664 %,90 %,33.33333333333333 %,60.9375 %,33.333333333333336 %,5.555555555555555 %,35.45454545454545 %,0 %,15.384615384615383 %,56.01190476190476 %,15.277777777777777 %,44.382716049382715 %
438,Liechtenstein,8.333333333333334 %,0 %,7.6923076923076925 %,6.296296296296296 %,5.555555555555555 %,49.4047619047619 %,30 %,12.5 %,21.428571428571427 %,17.59259259259259 %,11.11111111111111 %,38.86363636363637 %,5 %,0 %,39.82142857142857 %,7.828282828282827 %,18.541666666666668 %
440,Lithuania,38.92857142857143 %,55.208333333333336 %,73.71794871794872 %,61.32275132275132 %,33.33333333333333 %,74.04761904761904 %,60 %,79.16666666666666 %,83.92857142857143 %,55.092592592592595 %,19.814814814814813 %,41.439393939393945 %,21.66666666666667 %,45.38461538461539 %,53.095238095238095 %,22.626262626262626 %,44.30555555555556 %
442,Luxembourg,21.547619047619047 %,47.708333333333336 %,73.71794871794872 %,48.73015873015872 %,22.22222222222222 %,60.11904761904761 %,60 %,75 %,82.14285714285714 %,50.92592592592592 %,19.166666666666668 %,47.5 %,6.999999999999999 %,20 %,43.214285714285715 %,17.575757575757574 %,48.68055555555555 %
450,Madagascar,22.857142857142858 %,56.25 %,83.97435897435896 %,42.61904761904762 %,15.277777777777779 %,78.02083333333334 %,100 %,41.66666666666667 %,73.4375 %,45.83333333333333 %,25.864197530864196 %,35.45454545454545 %,6 %,55.38461538461539 %,59.76190476190476 %,21.250000000000004 %,74.84567901234568 %
454,Malawi,48.21428571428571 %,70.83333333333334 %,84.6153846153846 %,31.95238095238095 %,33.33333333333333 %,70.52083333333333 %,100 %,64.58333333333334 %,46.875 %,55.833333333333336 %,35.64814814814815 %,35.45454545454545 %,16.666666666666668 %,25.96153846153846 %,59.76190476190476 %,17.361111111111107 %,72.1604938271605 %
458,Malaysia,48.095238095238095 %,54.166666666666664 %,82.43589743589743 %,52.666666666666664 %,27.77777777777778 %,63.4375 %,100 %,67.70833333333334 %,89.0625 %,61.904761904761905 %,28.549382716049386 %,50.68181818181819 %,16.666666666666668 %,46.15384615384615 %,61.42857142857142 %,32.08333333333333 %,65.8641975308642 %
462,Maldives,26.42857142857143 %,40 %,67.82051282051282 %,51.23809523809524 %,11.11111111111111 %,44.791666666666664 %,100 %,56.25 %,54.6875 %,50.83333333333333 %,18.148148148148145 %,35.45454545454545 %,2.6666666666666665 %,46.15384615384615 %,39.345238095238095 %,19.444444444444446 %,70.9567901234568 %
466,Mali,32.73809523809524 %,64.58333333333334 %,83.97435897435896 %,33.333333333333336 %,5.555555555555555 %,62.70833333333334 %,100 %,51.041666666666664 %,46.875 %,35.833333333333336 %,17.77777777777778 %,35.45454545454545 %,1.9999999999999998 %,25 %,53.214285714285715 %,15.833333333333336 %,72.53086419753086 %
470,Malta,30 %,47.5 %,72.75641025641025 %,59.1005291005291 %,19.444444444444446 %,52.976190476190474 %,60 %,66.66666666666666 %,83.92857142857143 %,48.148148148148145 %,5.555555555555555 %,47.04545454545455 %,5 %,46.15384615384615 %,32.67857142857143 %,15.454545454545453 %,36.80555555555556 %
584,Marshall Islands,22.023809523809526 %,22.916666666666668 %,35.128205128205124 %,36.333333333333336 %,5.555555555555555 %,39.791666666666664 %,100 %,33.33333333333333 %,27.604166666666668 %,25.833333333333336 %,23.148148148148152 %,26.36363636363636 %,16.666666666666668 %,22.30769230769231 %,36.96428571428571 %,14.351851851851851 %,48.827160493827165 %
474,Martinique,7.142857142857142 %,5.416666666666667 %,3.8461538461538463 %,0 %,0 %,24.166666666666664 %,20 %,8.333333333333332 %,4.166666666666666 %,2.5 %,5.555555555555555 %,23.18181818181818 %,0 %,15.384615384615383 %,36.666666666666664 %,0 %,9.444444444444445 %
478,Mauritania,16.666666666666668 %,55.833333333333336 %,75.64102564102562 %,33.38095238095238 %,4.166666666666666 %,53.541666666666664 %,100 %,42.70833333333333 %,39.0625 %,34.583333333333336 %,16.666666666666664 %,26.36363636363636 %,0 %,15.384615384615383 %,59.04761904761905 %,16.666666666666664 %,66.69753086419755 %
480,Mauritius,16.666666666666668 %,63.33333333333333 %,75.38461538461537 %,52.666666666666664 %,30.555555555555557 %,43.4375 %,100 %,71.875 %,76.5625 %,42.08333333333333 %,13.333333333333334 %,40.68181818181818 %,0 %,46.15384615384615 %,59.345238095238095 %,21.944444444444443 %,72.71604938271605 %
175,Mayotte,7.142857142857142 %,0 %,5.384615384615384 %,0 %,0 %,24.166666666666664 %,20 %,0 %,4.166666666666666 %,12.5 %,5.555555555555555 %,9.090909090909092 %,0 %,11.538461538461538 %,31.66666666666667 %,0 %,9.444444444444445 %
484,Mexico,59.404761904761905 %,70.83333333333334 %,84.99999999999999 %,65.85714285714286 %,19.444444444444446 %,78.02083333333334 %,100 %,68.75 %,82.8125 %,62.083333333333336 %,48.33333333333333 %,44.54545454545455 %,16.666666666666668 %,56.15384615384615 %,57.26190476190476 %,38.10185185185185 %,72.1604938271605 %
583,Micronesia (Federated States of),23.80952380952381 %,16.666666666666664 %,53.07692307692308 %,34.238095238095234 %,4.166666666666666 %,23.958333333333336 %,100 %,29.166666666666668 %,20.3125 %,32.97619047619048 %,20.370370370370374 %,25.454545454545453 %,16.666666666666668 %,24.615384615384617 %,45.29761904761905 %,15.046296296296296 %,39.38271604938272 %
492,Monaco,19.642857142857142 %,4.166666666666666 %,21.153846153846153 %,29.259259259259256 %,4.166666666666666 %,45.83333333333333 %,20 %,12.5 %,23.214285714285715 %,2.7777777777777777 %,25 %,27.954545454545453 %,21.66666666666667 %,1.5384615384615385 %,28.92857142857143 %,5.555555555555555 %,18.645833333333332 %
496,Mongolia,52.023809523809526 %,63.020833333333336 %,73.2051282051282 %,52.666666666666664 %,33.33333333333333 %,70.52083333333333 %,100 %,75 %,71.875 %,40.833333333333336 %,30.185185185185187 %,35.68181818181818 %,15.999999999999998 %,0 %,61.42857142857142 %,24.72222222222222 %,73.4567901234568 %
499,Montenegro,43.0952380952381 %,48.958333333333336 %,67.94871794871794 %,47.98941798941799 %,19.444444444444446 %,73.45238095238095 %,80 %,46.875 %,73.21428571428571 %,45.37037037037037 %,31.790123456790127 %,29.015151515151512 %,12.22222222222222 %,35.38461538461538 %,61.42857142857142 %,13.484848484848486 %,49.40972222222222 %
500,Montserrat,7.142857142857142 %,11.666666666666666 %,19.48717948717949 %,34.904761904761905 %,0 %,22.916666666666664 %,60 %,25 %,24.479166666666664 %,25.833333333333336 %,5.555555555555555 %,31.818181818181817 %,0 %,21.538461538461537 %,39.58333333333333 %,2.083333333333333 %,32.407407407407405 %
504,Morocco,23.452380952380956 %,64.58333333333334 %,63.20512820512819 %,55.333333333333336 %,27.77777777777778 %,72.60416666666666 %,100 %,55.208333333333336 %,60.9375 %,35.833333333333336 %,26.944444444444443 %,44.54545454545455 %,9.333333333333332 %,46.15384615384615 %,59.04761904761905 %,22.824074074074073 %,71.23456790123457 %
508,Mozambique,32.73809523809524 %,55.833333333333336 %,74.74358974358974 %,26.333333333333332 %,15.277777777777779 %,53.541666666666664 %,100 %,45.83333333333333 %,60.9375 %,45.83333333333333 %,22.22222222222222 %,35.45454545454545 %,6.666666666666667 %,26.153846153846157 %,50.71428571428571 %,19.166666666666664 %,73.08641975308642 %
104,Myanmar,46.9047619047619 %,56.25 %,78.58974358974359 %,51.23809523809524 %,9.722222222222223 %,70.20833333333333 %,100 %,72.91666666666666 %,85.9375 %,45.83333333333333 %,34.29012345679012 %,35.22727272727273 %,15.333333333333332 %,45.38461538461539 %,53.095238095238095 %,29.07407407407407 %,75.40123456790124 %
516,Namibia,27.976190476190478 %,56.25 %,64.74358974358974 %,43.42857142857143 %,19.444444444444446 %,58.54166666666667 %,100 %,67.70833333333334 %,64.0625 %,43.33333333333333 %,34.876543209876544 %,35.45454545454545 %,16.666666666666668 %,45.38461538461539 %,61.42857142857142 %,22.499999999999996 %,66.79012345679013 %
520,Nauru,18.928571428571427 %,22.916666666666668 %,33.84615384615385 %,24.238095238095237 %,4.166666666666666 %,22.291666666666664 %,100 %,16.666666666666664 %,35.9375 %,25.833333333333336 %,18.086419753086417 %,25.454545454545453 %,15.333333333333332 %,31.538461538461537 %,36.96428571428571 %,10.416666666666668 %,42.65432098765432 %
524,Nepal,37.5 %,53.75 %,84.74358974358975 %,43.33333333333333 %,27.77777777777778 %,69.27083333333333 %,100 %,46.875 %,59.375 %,44.58333333333333 %,36.11111111111111 %,35.68181818181818 %,16.666666666666668 %,12.5 %,59.04761904761905 %,23.05555555555555 %,77.43827160493827 %
528,Netherlands (Kingdom of the),39.523809523809526 %,55.208333333333336 %,69.87179487179486 %,55.079365079365076 %,33.33333333333333 %,60.11904761904761 %,60 %,79.16666666666666 %,83.92857142857143 %,71.56084656084656 %,16.203703703703706 %,50.53030303030304 %,11.666666666666666 %,66.15384615384615 %,42.38095238095238 %,31.212121212121207 %,47.43055555555556 %
530,Netherlands Antilles  [former],0 %,0 %,0 %,0 %,0 %,0 %,0 %,1.3888888888888888 %,0 %,0 %,0 %,1.515151515151515 %,0 %,0 %,0 %,0 %,0 %
540,New Caledonia,7.142857142857142 %,16.666666666666664 %,1.5384615384615385 %,10.666666666666666 %,1.3888888888888888 %,24.166666666666664 %,90 %,31.25 %,26.5625 %,17.5 %,5.555555555555555 %,22.727272727272727 %,0 %,11.538461538461538 %,32.916666666666664 %,4.166666666666666 %,29.907407407407405 %
554,New Zealand,28.214285714285715 %,38.125 %,73.71794871794872 %,18.730158730158728 %,16.666666666666664 %,61.19047619047618 %,60 %,66.66666666666666 %,83.92857142857143 %,43.98148148148148 %,23.08641975308642 %,38.484848484848484 %,20.999999999999996 %,66.15384615384615 %,53.095238095238095 %,21.414141414141415 %,55.76388888888888 %
558,Nicaragua,16.666666666666668 %,47.91666666666667 %,59.35897435897435 %,10 %,4.166666666666666 %,50.416666666666664 %,100 %,38.54166666666667 %,57.8125 %,45.83333333333333 %,7.777777777777778 %,26.36363636363636 %,0 %,46.15384615384615 %,50.71428571428571 %,21.52777777777778 %,68.91975308641976 %
562,Niger,30.357142857142854 %,55.833333333333336 %,80.12820512820512 %,42.00000000000001 %,4.166666666666666 %,63.020833333333336 %,100 %,33.33333333333333 %,59.375 %,33.333333333333336 %,36.11111111111111 %,37.04545454545455 %,16.666666666666668 %,0 %,50.71428571428571 %,24.583333333333332 %,66.97530864197532 %
566,Nigeria,30.238095238095237 %,66.25 %,83.97435897435896 %,27.666666666666668 %,22.22222222222222 %,78.54166666666667 %,100 %,59.375 %,60.9375 %,64.58333333333333 %,22.22222222222222 %,44.54545454545455 %,0 %,26.153846153846157 %,61.42857142857142 %,30 %,64.29012345679013 %
570,Niue,7.142857142857142 %,15.833333333333332 %,26.794871794871796 %,36.333333333333336 %,0 %,34.166666666666664 %,80 %,4.166666666666666 %,12.5 %,25.833333333333336 %,5.555555555555555 %,10.909090909090908 %,0 %,1.5384615384615385 %,36.96428571428571 %,12.5 %,20.833333333333336 %
574,Norfolk Island,0 %,0 %,0 %,0 %,0 %,6.42857142857143 %,0 %,0 %,1.7857142857142856 %,11.11111111111111 %,5.555555555555555 %,0 %,0 %,11.538461538461538 %,22.916666666666664 %,0 %,2.083333333333333 %
807,North Macedonia,34.76190476190476 %,47.5 %,64.1025641025641 %,49.47089947089947 %,18.055555555555554 %,65.11904761904762 %,80 %,46.875 %,75 %,52.31481481481482 %,5.555555555555555 %,27.954545454545453 %,0 %,0 %,47.38095238095239 %,14.696969696969697 %,60.034722222222214 %
580,Northern Mariana Islands,7.142857142857142 %,9.166666666666668 %,5.384615384615384 %,0 %,0 %,22.916666666666664 %,30 %,0 %,5.729166666666666 %,12.5 %,5.555555555555555 %,0 %,0 %,12.307692307692308 %,29.583333333333332 %,0 %,7.592592592592593 %
578,Norway,36.547619047619044 %,55.20833333333333 %,77.56410256410255 %,55.820105820105816 %,33.33333333333333 %,68.69047619047618 %,60 %,70.83333333333334 %,83.92857142857143 %,68.58465608465607 %,28.333333333333332 %,44.46969696969697 %,15 %,56.15384615384615 %,48.92857142857142 %,26.414141414141408 %,53.57638888888888 %
512,Oman,7.142857142857142 %,37.08333333333334 %,76.02564102564102 %,33.23809523809524 %,19.444444444444446 %,52.29166666666667 %,80 %,39.58333333333333 %,73.4375 %,35 %,11.11111111111111 %,45.68181818181819 %,0 %,65.38461538461539 %,47.67857142857143 %,19.86111111111111 %,44.01234567901235 %
586,Pakistan,51.07142857142857 %,64.16666666666667 %,80.89743589743588 %,56.95238095238094 %,34.72222222222222 %,70.20833333333333 %,100 %,61.458333333333336 %,76.5625 %,63.33333333333333 %,34.75308641975309 %,44.54545454545455 %,15.333333333333332 %,45.38461538461539 %,55.714285714285715 %,21.527777777777775 %,66.32716049382715 %
585,Palau,18.928571428571427 %,23.333333333333332 %,46.666666666666664 %,20 %,4.166666666666666 %,36.666666666666664 %,100 %,22.916666666666664 %,28.645833333333332 %,25.833333333333336 %,16.85185185185185 %,25.454545454545453 %,15.333333333333332 %,46.15384615384615 %,47.67857142857143 %,17.129629629629626 %,51.080246913580254 %
591,Panama,49.166666666666664 %,50 %,73.84615384615384 %,58.14285714285715 %,19.444444444444446 %,59.791666666666664 %,100 %,64.58333333333334 %,73.4375 %,55.654761904761905 %,26.04938271604938 %,48.25757575757576 %,4.666666666666666 %,46.15384615384615 %,59.76190476190476 %,25.27777777777777 %,59.197530864197525 %
598,Papua New Guinea,29.404761904761905 %,41.25 %,70.89743589743588 %,21.333333333333332 %,4.166666666666666 %,57.70833333333333 %,100 %,33.33333333333333 %,48.4375 %,40.833333333333336 %,23.08641975308642 %,25.454545454545453 %,15.999999999999998 %,15.384615384615383 %,48.63095238095238 %,18.055555555555554 %,61.04938271604938 %
600,Paraguay,53.45238095238095 %,61.25000000000001 %,75.38461538461537 %,40.33333333333333 %,33.33333333333333 %,75.20833333333333 %,100 %,67.70833333333334 %,76.5625 %,57.08333333333333 %,25.308641975308642 %,38.484848484848484 %,6.666666666666667 %,0 %,55.714285714285715 %,28.750000000000004 %,73.91975308641976 %
604,Peru,47.85714285714286 %,55.833333333333336 %,86.92307692307692 %,51.14285714285713 %,34.72222222222222 %,75.41666666666667 %,100 %,68.75 %,70.3125 %,67.08333333333333 %,30.246913580246915 %,50.90909090909091 %,15.999999999999998 %,66.15384615384615 %,61.42857142857142 %,48.05555555555556 %,80.30864197530863 %
608,Philippines,52.26190476190475 %,56.25 %,75.3846153846154 %,59.66666666666667 %,19.444444444444446 %,71.77083333333333 %,100 %,67.70833333333334 %,82.8125 %,53.333333333333336 %,30.864197530864196 %,49.848484848484844 %,16.666666666666668 %,56.15384615384615 %,61.42857142857142 %,27.777777777777775 %,76.32716049382717 %
612,Pitcairn,0 %,0 %,0 %,0 %,0 %,5 %,0 %,0 %,0 %,10 %,5.555555555555555 %,0 %,0 %,11.538461538461538 %,21.25 %,0 %,6.481481481481483 %
616,Poland,38.92857142857143 %,51.041666666666664 %,74.67948717948717 %,66.93121693121694 %,22.22222222222222 %,66.3095238095238 %,60 %,70.83333333333334 %,83.92857142857143 %,64.81481481481481 %,27.34567901234568 %,50.53030303030304 %,15 %,56.15384615384615 %,61.42857142857142 %,34.74747474747474 %,45.97222222222223 %
620,Portugal,37.61904761904762 %,55.208333333333336 %,71.79487179487178 %,67.67195767195767 %,20.833333333333336 %,56.785714285714285 %,60 %,83.33333333333334 %,83.92857142857143 %,59.06084656084656 %,34.25925925925926 %,50.53030303030304 %,19.666666666666668 %,66.15384615384615 %,58.0952380952381 %,19.848484848484844 %,47.013888888888886 %
630,Puerto Rico,7.142857142857142 %,6.666666666666667 %,9.23076923076923 %,10.666666666666666 %,0 %,42.395833333333336 %,70 %,31.25 %,31.25 %,20 %,5.555555555555555 %,40.909090909090914 %,0 %,16.153846153846153 %,35 %,6.249999999999999 %,22.314814814814817 %
634,Qatar,27.976190476190478 %,23.333333333333332 %,74.48717948717949 %,51 %,18.055555555555554 %,51.770833333333336 %,80 %,43.75 %,67.1875 %,39.583333333333336 %,30.555555555555557 %,46.81818181818182 %,16.666666666666668 %,26.153846153846157 %,36.964285714285715 %,16.89814814814815 %,52.345679012345684 %
410,Republic of Korea,36.547619047619044 %,56.041666666666664 %,71.28205128205127 %,59.57142857142856 %,30.555555555555557 %,58.854166666666664 %,80 %,54.166666666666664 %,73.4375 %,63.33333333333333 %,29.01234567901235 %,47.8030303030303 %,20.999999999999996 %,26.153846153846157 %,48.92857142857142 %,31.249999999999993 %,52.160493827160494 %
498,Republic of Moldova,32.14285714285713 %,48.541666666666664 %,77.56410256410255 %,42.48677248677249 %,30.555555555555557 %,66.30952380952381 %,80 %,81.94444444444443 %,76.78571428571429 %,49.53703703703704 %,18.88888888888889 %,28.863636363636363 %,0 %,0 %,59.04761904761905 %,23.232323232323235 %,67.95138888888889 %
638,Réunion,7.142857142857142 %,1.25 %,3.8461538461538463 %,0 %,0 %,34.89583333333333 %,20 %,8.333333333333332 %,4.166666666666666 %,2.5 %,5.555555555555555 %,23.18181818181818 %,0 %,15.384615384615383 %,34.58333333333333 %,0 %,9.444444444444445 %
642,Romania,41.9047619047619 %,53.125 %,70.83333333333333 %,47.98941798941799 %,33.33333333333333 %,68.69047619047618 %,60 %,62.5 %,83.92857142857143 %,52.31481481481482 %,22.22222222222222 %,47.04545454545455 %,18.333333333333332 %,56.15384615384615 %,44.76190476190476 %,21.36363636363636 %,44.513888888888886 %
643,Russian Federation,55.35714285714286 %,44.375 %,74.67948717948717 %,48.730158730158735 %,18.055555555555554 %,59.76190476190475 %,60 %,64.58333333333334 %,73.21428571428571 %,57.870370370370374 %,23.51851851851852 %,36.59090909090909 %,21.66666666666667 %,46.15384615384615 %,44.76190476190476 %,16.515151515151516 %,58.36805555555556 %
646,Rwanda,27.380952380952383 %,48.333333333333336 %,73.07692307692307 %,54 %,43.05555555555556 %,67.39583333333333 %,100 %,75 %,78.125 %,50.83333333333333 %,22.22222222222222 %,35.45454545454545 %,0 %,0 %,59.76190476190476 %,20.416666666666664 %,74.4753086419753 %
652,Saint Barthélemy,7.142857142857142 %,0 %,0 %,0 %,0 %,22.916666666666664 %,20 %,0 %,0 %,0 %,0 %,9.090909090909092 %,0 %,11.538461538461538 %,26.25 %,0 %,0.9259259259259258 %
654,Saint Helena,7.142857142857142 %,6.25 %,2.564102564102564 %,10 %,0 %,22.916666666666664 %,40 %,4.166666666666666 %,25 %,13.333333333333334 %,5.555555555555555 %,0 %,0 %,11.538461538461538 %,37.91666666666667 %,0 %,20.833333333333336 %
659,Saint Kitts and Nevis,7.142857142857142 %,27.500000000000004 %,31.923076923076927 %,22.04761904761905 %,4.166666666666666 %,29.375 %,80 %,29.166666666666668 %,20.3125 %,32.5 %,5.555555555555555 %,35.45454545454545 %,0 %,46.15384615384615 %,28.63095238095238 %,15.50925925925926 %,57.098765432098766 %
662,Saint Lucia,11.904761904761903 %,42.50000000000001 %,52.43589743589744 %,52 %,5.555555555555555 %,46.041666666666664 %,100 %,42.70833333333333 %,48.4375 %,40.833333333333336 %,5.555555555555555 %,36.59090909090909 %,0 %,16.153846153846153 %,57.67857142857142 %,24.305555555555554 %,67.80864197530865 %
663,Saint Martin (French Part),7.142857142857142 %,0 %,3.8461538461538463 %,0 %,0 %,24.166666666666664 %,30 %,0 %,0 %,2.5 %,0 %,9.090909090909092 %,0 %,11.538461538461538 %,24.583333333333336 %,2.083333333333333 %,1.2037037037037037 %
666,Saint Pierre and Miquelon,7.142857142857142 %,0 %,0 %,0 %,0 %,26.190476190476193 %,20 %,0 %,0 %,13.88888888888889 %,5.555555555555555 %,0 %,0 %,11.538461538461538 %,26.25 %,0 %,2.083333333333333 %
670,Saint Vincent and the Grenadines,9.523809523809524 %,34.583333333333336 %,63.97435897435897 %,36.333333333333336 %,15.277777777777779 %,36.666666666666664 %,100 %,33.33333333333333 %,32.8125 %,40.833333333333336 %,5.555555555555555 %,26.36363636363636 %,0 %,36.15384615384615 %,56.96428571428571 %,20.138888888888886 %,69.84567901234567 %
882,Samoa,21.428571428571434 %,50.416666666666664 %,63.33333333333334 %,42.00000000000001 %,4.166666666666666 %,51.770833333333336 %,100 %,33.33333333333333 %,35.9375 %,44.58333333333333 %,23.91975308641975 %,37.727272727272734 %,16.666666666666668 %,46.15384615384615 %,45.29761904761905 %,19.444444444444443 %,77.43827160493827 %
674,San Marino,7.142857142857142 %,8.333333333333332 %,23.076923076923077 %,29.259259259259256 %,4.166666666666666 %,37.976190476190474 %,20 %,22.916666666666664 %,28.57142857142857 %,23.41269841269841 %,5.555555555555555 %,5.454545454545454 %,0 %,0 %,33.095238095238095 %,2.525252525252525 %,24.96527777777778 %
678,Sao Tome and Principe,16.666666666666668 %,46.25 %,68.58974358974359 %,27.76190476190476 %,4.166666666666666 %,67.70833333333333 %,100 %,41.66666666666667 %,35.9375 %,32.083333333333336 %,16.666666666666664 %,35.45454545454545 %,0 %,25.384615384615383 %,59.76190476190476 %,18.055555555555554 %,71.32716049382715 %
680,Sark,0 %,0 %,0 %,0 %,0 %,0 %,0 %,0 %,0 %,0 %,0 %,0 %,0 %,0 %,8.055555555555555 %,0 %,0 %
682,Saudi Arabia,17.023809523809526 %,40 %,70.64102564102565 %,55.99999999999999 %,18.055555555555554 %,35.104166666666664 %,80 %,60.416666666666664 %,67.1875 %,50.83333333333333 %,22.12962962962963 %,48.18181818181818 %,14.000000000000002 %,15.384615384615383 %,49.047619047619044 %,22.36111111111111 %,53.17901234567901 %
686,Senegal,17.85714285714286 %,67.70833333333334 %,80.76923076923076 %,58.23809523809524 %,13.88888888888889 %,82.70833333333334 %,100 %,56.25 %,64.0625 %,44.58333333333334 %,16.666666666666664 %,27.499999999999996 %,0 %,26.153846153846157 %,59.04761904761905 %,18.611111111111107 %,76.60493827160492 %
688,Serbia,47.261904761904766 %,48.958333333333336 %,72.75641025641025 %,47.14285714285714 %,33.33333333333333 %,67.26190476190476 %,80 %,70.83333333333334 %,82.14285714285714 %,41.2037037037037 %,20.370370370370367 %,32.04545454545455 %,12.22222222222222 %,0 %,61.42857142857142 %,15.303030303030305 %,65.55555555555556 %
690,Seychelles,9.523809523809524 %,48.75000000000001 %,73.84615384615384 %,47 %,9.722222222222223 %,41.875 %,100 %,54.166666666666664 %,42.1875 %,35.833333333333336 %,5.555555555555555 %,25.454545454545453 %,0 %,46.15384615384615 %,49.76190476190476 %,20.138888888888886 %,62.901234567901234 %
694,Sierra Leone,16.666666666666668 %,42.91666666666667 %,80.12820512820512 %,43.33333333333333 %,4.166666666666666 %,75.9375 %,100 %,50 %,32.8125 %,34.583333333333336 %,16.666666666666664 %,35.45454545454545 %,0 %,25.384615384615383 %,59.04761904761905 %,24.861111111111107 %,74.38271604938271 %
702,Singapore,9.523809523809524 %,27.083333333333336 %,77.05128205128204 %,43.33333333333334 %,18.055555555555554 %,50.72916666666666 %,80 %,47.91666666666667 %,73.4375 %,43.57142857142858 %,5.555555555555555 %,48.63636363636363 %,0 %,12.307692307692308 %,30.297619047619044 %,17.083333333333332 %,49.197530864197525 %
534,Sint Maarten (Dutch part),7.142857142857142 %,0 %,1.5384615384615385 %,0 %,0 %,11.666666666666666 %,50 %,12.5 %,16.145833333333332 %,2.5 %,0 %,13.636363636363635 %,0 %,11.538461538461538 %,22.916666666666664 %,0 %,15.277777777777779 %
703,Slovakia,32.38095238095238 %,52.08333333333333 %,68.9102564102564 %,55.925925925925924 %,22.22222222222222 %,68.69047619047618 %,60 %,83.33333333333334 %,82.14285714285714 %,50.92592592592592 %,5.555555555555555 %,38.40909090909091 %,5 %,20 %,61.42857142857142 %,21.111111111111107 %,54.305555555555564 %
705,Slovenia,46.30952380952381 %,48.95833333333333 %,71.79487179487178 %,55.820105820105816 %,33.33333333333333 %,67.26190476190476 %,60 %,79.16666666666666 %,83.92857142857143 %,55.092592592592595 %,21.234567901234566 %,50.53030303030304 %,20.999999999999996 %,52.307692307692314 %,61.42857142857142 %,21.91919191919192 %,48.47222222222223 %
90,Solomon Islands,28.57142857142857 %,40 %,61.66666666666666 %,32.047619047619044 %,4.166666666666666 %,39.791666666666664 %,100 %,33.33333333333333 %,35.9375 %,40.833333333333336 %,24.38271604938272 %,24.545454545454547 %,16.666666666666668 %,35.38461538461538 %,47.67857142857143 %,18.055555555555554 %,74.01234567901234 %
706,Somalia,28.57142857142857 %,46.25 %,56.53846153846154 %,10 %,4.166666666666666 %,57.70833333333334 %,100 %,37.5 %,35.9375 %,35.833333333333336 %,24.38271604938272 %,26.36363636363636 %,16.666666666666668 %,15.384615384615383 %,58.0952380952381 %,15.972222222222223 %,58.45679012345679 %
710,South Africa,34.76190476190476 %,70.83333333333334 %,76.92307692307693 %,39.095238095238095 %,20.833333333333336 %,78.54166666666667 %,100 %,77.08333333333334 %,79.6875 %,53.333333333333336 %,35.123456790123456 %,47.72727272727273 %,15.999999999999998 %,36.15384615384615 %,59.76190476190476 %,30.09259259259259 %,73.64197530864199 %
239,South Georgia and the South Sandwich Islands,0 %,0 %,0 %,0 %,0 %,6.25 %,0 %,0 %,0 %,10 %,0 %,0 %,0 %,11.538461538461538 %,26.805555555555554 %,0 %,0 %
728,South Sudan,7.142857142857142 %,43.75 %,48.07692307692308 %,15.666666666666668 %,4.166666666666666 %,52.29166666666667 %,80 %,37.5 %,39.58333333333333 %,33.333333333333336 %,5.555555555555555 %,32.72727272727273 %,0 %,0 %,45.714285714285715 %,14.814814814814817 %,33.641975308641975 %
724,Spain,33.452380952380956 %,48.95833333333333 %,75.64102564102562 %,67.67195767195767 %,33.33333333333333 %,56.785714285714285 %,60 %,83.33333333333334 %,83.92857142857143 %,61.838624338624335 %,17.77777777777778 %,47.04545454545455 %,6.999999999999999 %,66.15384615384615 %,59.76190476190476 %,26.414141414141408 %,52.222222222222214 %
144,Sri Lanka,42.02380952380952 %,66.25000000000001 %,72.8205128205128 %,39.904761904761905 %,6.944444444444445 %,66.04166666666667 %,100 %,62.5 %,82.8125 %,53.333333333333336 %,23.641975308641975 %,44.54545454545455 %,15.333333333333332 %,26.153846153846157 %,59.76190476190476 %,26.805555555555554 %,72.34567901234567 %
275,State of Palestine,32.5 %,33.33333333333333 %,25.256410256410263 %,64 %,26.38888888888889 %,56.25 %,90 %,56.25 %,53.125 %,33.333333333333336 %,32.9320987654321 %,33.40909090909091 %,14.000000000000002 %,5.384615384615384 %,56.42857142857143 %,24.537037037037038 %,65.7716049382716 %
729,Sudan,27.380952380952383 %,50 %,59.35897435897435 %,27.76190476190476 %,2.7777777777777777 %,53.541666666666664 %,100 %,33.33333333333333 %,48.4375 %,35.833333333333336 %,32.407407407407405 %,26.36363636363636 %,16.666666666666668 %,15.384615384615383 %,59.04761904761905 %,14.444444444444446 %,68.45679012345678 %
740,Suriname,16.666666666666668 %,50 %,67.05128205128203 %,32 %,18.055555555555554 %,65.52083333333333 %,100 %,34.375 %,64.0625 %,33.333333333333336 %,16.666666666666664 %,30 %,0 %,46.15384615384615 %,61.42857142857142 %,20.138888888888886 %,53.2716049382716 %
744,Svalbard and Jan Mayen Islands,0 %,0 %,0 %,0 %,0 %,5.714285714285714 %,0 %,0 %,0 %,0 %,0 %,0 %,0 %,10.769230769230768 %,33.33333333333333 %,0 %,0 %
752,Sweden,43.69047619047618 %,48.95833333333333 %,71.79487179487178 %,49.47089947089947 %,22.22222222222222 %,61.54761904761904 %,60 %,83.33333333333334 %,83.92857142857143 %,71.75925925925925 %,41.66666666666667 %,47.5 %,21.66666666666667 %,56.15384615384615 %,53.095238095238095 %,29.747474747474744 %,48.68055555555556 %
756,Switzerland,37.38095238095238 %,55.20833333333333 %,73.71794871794872 %,55.079365079365076 %,33.33333333333333 %,60.357142857142854 %,60 %,83.33333333333334 %,83.92857142857143 %,74.53703703703704 %,38.45679012345679 %,39.77272727272727 %,13.666666666666666 %,10.769230769230768 %,53.095238095238095 %,28.08080808080808 %,58.05555555555555 %
760,Syrian Arab Republic,16.666666666666668 %,33.75 %,49.48717948717948 %,36.333333333333336 %,4.166666666666666 %,47.083333333333336 %,100 %,29.166666666666668 %,60.9375 %,35.833333333333336 %,5.555555555555555 %,35.45454545454545 %,0 %,15.384615384615383 %,55.714285714285715 %,10.532407407407408 %,39.01234567901234 %
762,Tajikistan,41.07142857142856 %,47.5 %,62.56410256410256 %,32 %,4.166666666666666 %,63.74999999999999 %,100 %,45.83333333333333 %,65.625 %,43.33333333333333 %,35.64814814814815 %,25.454545454545453 %,16.666666666666668 %,12.5 %,45.714285714285715 %,18.10185185185185 %,63.641975308641975 %
764,Thailand,48.095238095238095 %,70.83333333333334 %,86.28205128205128 %,69.47619047619048 %,30.555555555555557 %,54.0625 %,100 %,72.91666666666666 %,76.5625 %,65.23809523809526 %,33.888888888888886 %,50.90909090909091 %,15.999999999999998 %,56.15384615384615 %,49.76190476190476 %,25.833333333333336 %,73.08641975308643 %
626,Timor-Leste,26.42857142857143 %,33.333333333333336 %,70.25641025641025 %,24.19047619047619 %,6.944444444444445 %,52.29166666666667 %,100 %,52.083333333333336 %,42.1875 %,30.833333333333336 %,25.864197530864196 %,32.72727272727273 %,6 %,15.384615384615383 %,45.29761904761905 %,22.777777777777775 %,69.19753086419753 %
768,Togo,38.33333333333333 %,54.16666666666667 %,72.43589743589743 %,52.666666666666664 %,16.666666666666664 %,78.02083333333334 %,100 %,42.70833333333333 %,57.8125 %,45.83333333333333 %,35.74074074074074 %,35.45454545454545 %,15.999999999999998 %,15.384615384615383 %,59.345238095238095 %,13.88888888888889 %,73.08641975308642 %
772,Tokelau,7.142857142857142 %,6.25 %,4.102564102564102 %,36.333333333333336 %,0 %,10.416666666666666 %,40 %,4.166666666666666 %,12.5 %,13.333333333333334 %,5.555555555555555 %,9.090909090909092 %,0 %,11.538461538461538 %,31.25 %,0 %,17.87037037037037 %
776,Tonga,22.61904761904762 %,42.50000000000001 %,67.17948717948718 %,26.333333333333332 %,6.944444444444445 %,51.770833333333336 %,100 %,46.875 %,48.4375 %,43.33333333333333 %,23.45679012345679 %,26.36363636363636 %,16.666666666666668 %,35.38461538461538 %,46.96428571428571 %,16.666666666666664 %,69.22839506172839 %
780,Trinidad and Tobago,24.404761904761905 %,41.25 %,56.282051282051285 %,23.333333333333332 %,20.833333333333336 %,35.625 %,100 %,39.58333333333333 %,67.1875 %,40 %,19.753086419753085 %,35.45454545454545 %,16.666666666666668 %,46.15384615384615 %,49.047619047619044 %,21.85185185185185 %,45.12345679012346 %
788,Tunisia,22.61904761904762 %,68.75000000000001 %,69.35897435897435 %,44.904761904761905 %,15.277777777777779 %,76.77083333333333 %,100 %,55.208333333333336 %,76.5625 %,35.833333333333336 %,22.22222222222222 %,35.45454545454545 %,0 %,15.384615384615383 %,61.42857142857142 %,26.52777777777778 %,65.12345679012346 %
792,Türkiye,51.66666666666667 %,38.54166666666667 %,77.05128205128204 %,53.85714285714285 %,19.444444444444446 %,47.604166666666664 %,100 %,63.541666666666664 %,76.5625 %,72.91666666666667 %,36.26543209876543 %,50.227272727272734 %,20.999999999999996 %,46.15384615384615 %,59.04761904761905 %,23.88888888888889 %,71.51234567901236 %
795,Turkmenistan,16.666666666666668 %,31.666666666666664 %,70 %,35.57142857142857 %,4.166666666666666 %,53.333333333333336 %,100 %,37.5 %,46.875 %,30.833333333333336 %,16.666666666666664 %,24.545454545454547 %,0 %,1.9230769230769231 %,55.714285714285715 %,16.296296296296294 %,35.8641975308642 %
796,Turks and Caicos Islands,7.142857142857142 %,6.25 %,13.076923076923078 %,24.904761904761905 %,0 %,32.5 %,70 %,12.5 %,18.75 %,15 %,5.555555555555555 %,13.636363636363635 %,0 %,21.538461538461537 %,22.916666666666664 %,4.166666666666666 %,19.72222222222222 %
798,Tuvalu,19.642857142857142 %,23.333333333333332 %,41.53846153846154 %,43.33333333333333 %,5.555555555555555 %,58.020833333333336 %,100 %,20.833333333333336 %,32.8125 %,25.833333333333336 %,18.82716049382716 %,15.454545454545453 %,16.666666666666668 %,1.5384615384615385 %,33.214285714285715 %,9.953703703703704 %,41.54320987654321 %
800,Uganda,49.88095238095238 %,68.75 %,80.12820512820512 %,25.666666666666664 %,38.88888888888889 %,79.89583333333333 %,100 %,62.5 %,65.625 %,53.333333333333336 %,41.2037037037037 %,45.45454545454545 %,16.666666666666668 %,0 %,47.38095238095239 %,26.52777777777778 %,74.75308641975307 %
804,Ukraine,45.83333333333333 %,56.25 %,67.94871794871794 %,37.93650793650794 %,27.77777777777778 %,63.92857142857142 %,80 %,55.208333333333336 %,80.35714285714286 %,49.53703703703704 %,36.11111111111111 %,41.36363636363637 %,21.66666666666667 %,26.153846153846157 %,61.42857142857142 %,10.606060606060606 %,59.61805555555555 %
784,United Arab Emirates,24.880952380952383 %,27.083333333333332 %,67.43589743589743 %,45.33333333333333 %,31.944444444444443 %,30.104166666666664 %,80 %,43.75 %,73.4375 %,48.33333333333333 %,17.006172839506174 %,48.86363636363637 %,10.888888888888888 %,16.153846153846153 %,46.48809523809525 %,14.86111111111111 %,49.5679012345679 %
826,United Kingdom of Great Britain and Northern Ireland,50.476190476190474 %,46.875 %,75.64102564102562 %,49.47089947089947 %,33.33333333333333 %,68.69047619047618 %,60 %,81.25 %,83.92857142857143 %,62.03703703703704 %,17.22222222222222 %,47.04545454545455 %,17 %,76.15384615384615 %,51.90476190476191 %,14.292929292929294 %,55.13888888888888 %
834,United Republic of Tanzania,38.69047619047619 %,64.58333333333334 %,73.07692307692307 %,33.42857142857142 %,22.22222222222222 %,73.33333333333333 %,100 %,41.66666666666667 %,67.1875 %,53.333333333333336 %,41.2037037037037 %,24.015151515151516 %,16.666666666666668 %,36.15384615384615 %,50.71428571428571 %,20.69444444444444 %,75.21604938271605 %
581,United States Minor Outlying Islands,0 %,0 %,0 %,0 %,0 %,0 %,0 %,0 %,0 %,10 %,0 %,0 %,0 %,10.769230769230768 %,18.47222222222222 %,0 %,0 %
840,United States of America,33.80952380952381 %,51.041666666666664 %,79.48717948717949 %,49.47089947089947 %,20.833333333333336 %,49.88095238095237 %,60 %,56.25 %,83.92857142857143 %,60.449735449735456 %,22.716049382716047 %,35.75757575757576 %,20.333333333333332 %,46.15384615384615 %,48.333333333333336 %,19.090909090909093 %,53.68055555555556 %
850,United States Virgin Islands,7.142857142857142 %,9.166666666666668 %,3.8461538461538463 %,0 %,0 %,24.166666666666664 %,50 %,8.333333333333332 %,8.333333333333332 %,17.5 %,5.555555555555555 %,18.181818181818183 %,0 %,12.307692307692308 %,27.083333333333332 %,0 %,13.703703703703704 %
858,Uruguay,54.047619047619044 %,67.70833333333334 %,73.84615384615384 %,70.23809523809523 %,33.33333333333333 %,55.41666666666667 %,100 %,72.91666666666666 %,82.8125 %,52.08333333333333 %,19.62962962962963 %,47.57575757575758 %,20.333333333333332 %,46.15384615384615 %,46.547619047619044 %,22.638888888888886 %,59.5679012345679 %
860,Uzbekistan,33.92857142857143 %,42.291666666666664 %,69.61538461538461 %,47 %,15.277777777777779 %,71.04166666666667 %,100 %,51.041666666666664 %,75 %,43.33333333333333 %,27.00617283950617 %,39.31818181818182 %,16.666666666666668 %,0 %,59.04761904761905 %,22.592592592592595 %,73.82716049382717 %
548,Vanuatu,21.428571428571434 %,46.25 %,60.38461538461538 %,26.333333333333332 %,5.555555555555555 %,56.458333333333336 %,100 %,33.33333333333333 %,35.9375 %,43.33333333333333 %,23.45679012345679 %,33.63636363636363 %,16.666666666666668 %,26.153846153846157 %,45.29761904761905 %,19.444444444444443 %,62.80864197530865 %
862,Venezuela (Bolivarian Republic of),14.285714285714285 %,33.75 %,61.66666666666666 %,26.333333333333332 %,4.166666666666666 %,54.58333333333333 %,100 %,38.54166666666667 %,70.3125 %,33.333333333333336 %,5.555555555555555 %,25.681818181818183 %,0 %,46.15384615384615 %,61.42857142857142 %,20.09259259259259 %,48.827160493827165 %
704,Viet Nam,40.714285714285715 %,58.333333333333336 %,70.25641025641025 %,68.23809523809523 %,33.33333333333333 %,72.29166666666667 %,100 %,72.91666666666666 %,79.6875 %,52.976190476190474 %,22.22222222222222 %,44.54545454545455 %,0 %,56.15384615384615 %,61.42857142857142 %,22.22222222222222 %,74.84567901234568 %
876,Wallis and Futuna Islands,7.142857142857142 %,6.25 %,4.102564102564102 %,0 %,0 %,36.666666666666664 %,40 %,4.166666666666666 %,22.395833333333332 %,13.333333333333334 %,5.555555555555555 %,0 %,0 %,11.538461538461538 %,37.083333333333336 %,0 %,18.055555555555554 %
732,Western Sahara,0 %,0 %,0 %,0 %,0 %,6.25 %,0 %,8.333333333333332 %,0 %,20 %,5.555555555555555 %,0 %,0 %,5.384615384615384 %,25 %,0 %,5.555555555555555 %
887,Yemen,16.666666666666668 %,55.00000000000001 %,67.05128205128203 %,10 %,4.166666666666666 %,51.770833333333336 %,100 %,37.5 %,60.9375 %,35.833333333333336 %,16.666666666666664 %,26.36363636363636 %,0 %,25.384615384615383 %,57.38095238095238 %,11.111111111111112 %,64.19753086419753 %
894,Zambia,24.404761904761905 %,51.66666666666667 %,76.92307692307693 %,46.28571428571428 %,9.722222222222223 %,75.20833333333333 %,100 %,70.83333333333334 %,65.625 %,47.083333333333336 %,25 %,26.36363636363636 %,3.3333333333333335 %,0 %,50.71428571428571 %,18.611111111111107 %,70.30864197530863 %
716,Zimbabwe,42.14285714285714 %,48.75 %,76.92307692307693 %,42.666666666666664 %,15.277777777777779 %,75.72916666666667 %,100 %,45.83333333333333 %,59.375 %,45.83333333333333 %,31.666666666666664 %,47.5 %,12 %,0 %,59.04761904761905 %,20.138888888888886 %,75.30864197530865 %
